 [
  {
  "teamName": "Algeria",
  "qualifyingZone": "Africa",
  "imageName": "algeria-flag",
  "wins": 0,
  },
  {
  "teamName": "Cameroon",
  "qualifyingZone": "Africa",
  "imageName": "cameroon-flag",
  "wins": 0,
  },
  {
  "teamName": "Ivory Coast",
  "qualifyingZone": "Africa",
  "imageName": "ivory-coast-flag",
  "wins": 0,
  },
  {
  "teamName": "Ghana",
  "qualifyingZone": "Africa",
  "imageName": "ghana-flag",
  "wins": 0,
  },
  {
  "teamName": "Nigeria",
  "qualifyingZone": "Africa",
  "imageName": "nigeria-flag",
  "wins": 0,
  },
  {
  "teamName": "Australia",
  "qualifyingZone": "Asia",
  "imageName": "australia-flag",
  "wins": 0,
  },
  {
  "teamName": "Iran",
  "qualifyingZone": "Asia",
  "imageName": "iran-flag",
  "wins": 0,
  },
  {
  "teamName": "Japan",
  "qualifyingZone": "Asia",
  "imageName": "japan-flag",
  "wins": 0,
  },
  {
  "teamName": "Korea",
  "qualifyingZone": "Asia",
  "imageName": "korea-flag",
  "wins": 0,
  },
  {
  "teamName": "Costa Rica",
  "qualifyingZone": "North, Central America & Caribbean",
  "imageName": "costa-rica-flag",
  "wins": 0,
  },
  {
  "teamName": "Honduras",
  "qualifyingZone": "North, Central America & Caribbean",
  "imageName": "honduras-flag",
  "wins": 0,
  },
  {
  "teamName": "Mexico",
  "qualifyingZone": "North, Central America & Caribbean",
  "imageName": "mexico-flag",
  "wins": 0,
  },
  {
  "teamName": "USA",
  "qualifyingZone": "North, Central America & Caribbean",
  "imageName": "usa-flag",
  "wins": 0,
  },
  {
  "teamName": "Belgium",
  "qualifyingZone": "Europe",
  "imageName": "belgium-flag",
  "wins": 0,
  },
  {
  "teamName": "Bosnia and Herzegovina",
  "qualifyingZone": "Europe",
  "imageName": "bosnia-herzegovina-flag",
  "wins": 0,
  },
  {
  "teamName": "Croatia",
  "qualifyingZone": "Europe",
  "imageName": "croatia-flag",
  "wins": 0,
  },
  {
  "teamName": "England",
  "qualifyingZone": "Europe",
  "imageName": "england-flag",
  "wins": 0,
  },
  {
  "teamName": "France",
  "qualifyingZone": "Europe",
  "imageName": "france-flag",
  "wins": 0,
  },
  {
  "teamName": "Germany",
  "qualifyingZone": "Europe",
  "imageName": "germany-flag",
  "wins": 0,
  },
  {
  "teamName": "Greece",
  "qualifyingZone": "Europe",
  "imageName": "greece-flag",
  "wins": 0,
  },
  {
  "teamName": "Italy",
  "qualifyingZone": "Europe",
  "imageName": "italy-flag",
  "wins": 0,
  },
  {
  "teamName": "Netherlands",
  "qualifyingZone": "Europe",
  "imageName": "netherlands-flag",
  "wins": 0,
  },
  {
  "teamName": "Portugal",
  "qualifyingZone": "Europe",
  "imageName": "portugal-flag",
  "wins": 0,
  },
  {
  "teamName": "Russia",
  "qualifyingZone": "Europe",
  "imageName": "russia-flag",
  "wins": 0,
  },
  {
  "teamName": "Spain",
  "qualifyingZone": "Europe",
  "imageName": "spain-flag",
  "wins": 0,
  },
  {
  "teamName": "Switzerland",
  "qualifyingZone": "Europe",
  "imageName": "switzerland-flag",
  "wins": 0,
  },
  {
  "teamName": "Argentina",
  "qualifyingZone": "South America",
  "imageName": "argentina-flag",
  "wins": 0,
  },
  {
  "teamName": "Brazil",
  "qualifyingZone": "South America",
  "imageName": "brazil-flag",
  "wins": 0,
  },
  {
  "teamName": "Chile",
  "qualifyingZone": "South America",
  "imageName": "chile-flag",
  "wins": 0,
  },
  {
  "teamName": "Colombia",
  "qualifyingZone": "South America",
  "imageName": "colombia-flag",
  "wins": 0,
  },
  {
  "teamName": "Ecuador",
  "qualifyingZone": "South America",
  "imageName": "ecuador-flag",
  "wins": 0,
  },
  {
  "teamName": "Uruguay",
  "qualifyingZone": "South America",
  "imageName": "uruguay-flag",
  "wins": 0,
  }
  ]